id,Protein1,Protein2,Residue1,Residue2
MGQKIAPYSVEIK-KGVAEQK-a1-b1,dnapkcs,dnapkcs,99,2746
DQEKLSLMYAR-WKVPTYK-a1-b1,dnapkcs,dnapkcs,2738,520
TSALSDETKNNWEVSALSR-MKQDAQVVLYR-a1-b1,dnapkcs,dnapkcs,810,2764
TSALSDETKNNWEVSALSR-EKEIKSELK-a1-b1,dnapkcs,dnapkcs,810,2754
TKNLSSNEAISLEEIR-MKQDAQVVLYR-a1-b1,dnapkcs,dnapkcs,838,2764
DPESETDNDSQEIFKLAK-AAQKGFNK-a1-b1,dnapkcs,dnapkcs,2500,824
NVDSNNKELSIAIR-KYIEIR-a1-b1,dnapkcs,dnapkcs,357,2003
DQEKLSLMYAR-KYIEIR-a1-b1,dnapkcs,dnapkcs,2738,2003
APLKSVGPDFGK-KYIEIR-a1-b1,dnapkcs,dnapkcs,2694,2003
SLGPPQGEEDSVPR-VKGAAGR-a1-b1,dnapkcs,dnapkcs,2107,2717
DQEKLSLMYAR-HVFHPKR-a1-b1,dnapkcs,dnapkcs,2738,2227
YKEVYAAAAEVLGLILR-DQEKLSLMYAR-a1-b1,dnapkcs,dnapkcs,2313,2738
APLKSVGPDFGK-MMPKLKPVELR-a1-b1,dnapkcs,dnapkcs,2694,2445
ANQKHQGLK-ALKMSPYK-a1-b1,dnapkcs,dnapkcs,1612,1407
